index, temperature
1, 30.0
2, 117.062976624
3, 230.0
4, 30.0
5, 104.125953248
6, 178.107504922
7, 230.0
8, 30.0
9, 91.3333314476
10, 148.304066439
11, 193.498930778
12, 230.0
13, 30.0
14, 82.9033061031
15, 130.276498608
16, 165.691656672
17, 182.719727999
18, 30.0
19, 80.0033943563
20, 124.206965219
21, 156.271469304
22, 169.495598651
